,season1,count,registered,casual
0,2011-Spr,1668.9649122807018,1428.719298245614,240.24561403508773
1,2011-Sum,3859.754385964912,3023.0175438596493,836.7368421052631
2,2011-Aut,4478.035087719299,3389.684210526316,1088.3508771929824
3,2011-Win,3712.1754385964914,3143.877192982456,568.2982456140351
4,2012-Spr,3759.4561403508774,3277.8596491228072,481.5964912280702
5,2012-Sum,5913.298245614035,4545.333333333333,1367.9649122807018
6,2012-Aut,5759.578947368421,4463.561403508772,1296.017543859649
7,2012-Win,5327.298245614035,4570.929824561404,756.3684210526316
